Weight Function,FixedWeightFunction-1.0,LinearWeightFunction-0.5,LinearWeightFunction-0.2,LinearWeightFunction-0.1,LinearWeightFunction-0.05,DecayWeightFunction--10.0,DecayWeightFunction--1.0,DecayWeightFunction--0.1,DecayWeightFunction--0.01,GaussianWeightFunction-0.0-1.5,GaussianWeightFunction-1.0-1.5,GaussianWeightFunction-2.0-1.5,GaussianWeightFunction-5.0-1.5,GaussianWeightFunction-10.0-1.5,
Reasoning Method,KNN,
Random Type:,Random,Random,Random,Random,Random,Random,Random,Random,Random,Random,Random,Random,Random,Random,
k,4,4,4,4,4,4,4,4,4,4,4,4,4,4,
Iteration,1,1,1,1,1,1,1,1,1,1,1,1,1,1,
Smart Random Simulation Expected Actions,4,4,4,4,4,4,4,4,4,4,4,4,4,4,
Smart Random Simulation Matrix Total,7000,7000,7000,7000,7000,7000,7000,7000,7000,7000,7000,7000,7000,7000,
Smart Random Simulation Matrix Accuracy,0.36014286,0.34985715,0.35357141,0.35214287,0.35614285,0.34985715,0.35042858,0.35985714,0.3454286,0.34457144,0.35357141,0.33914286,0.358,0.36371428,
Smart Random Simulation Global F1,0.35947236,0.34813446,0.35256708,0.3508691,0.35557705,0.34945467,0.3491118,0.359398,0.3449297,0.34358275,0.35286853,0.33873528,0.35660183,0.36334556,
Straight Line Simulation Expected Actions,4,4,4,4,4,4,4,4,4,4,4,4,4,4,
Straight Line Simulation Matrix Total,7000,7000,7000,7000,7000,7000,7000,7000,7000,7000,7000,7000,7000,7000,
Straight Line Simulation Matrix Accuracy,0.83357143,0.8324286,0.83657146,0.8347143,0.8345714,0.8395714,0.8307143,0.8302857,0.83842856,0.82842857,0.8298572,0.83185714,0.8312857,0.8427143,
Straight Line Simulation Global F1,0.83338666,0.8322288,0.83658266,0.83450806,0.83450204,0.8395835,0.8304509,0.8302798,0.83827657,0.82847226,0.8299861,0.83168364,0.83104676,0.84241986,
Zig Zag Simulation Expected Actions,4,4,4,4,4,4,4,4,4,4,4,4,4,4,
Zig Zag Simulation Matrix Total,7000,7000,7000,7000,7000,7000,7000,7000,7000,7000,7000,7000,7000,7000,
Zig Zag Simulation Matrix Accuracy,0.82514286,0.81714284,0.82214284,0.81685716,0.82514286,0.8264286,0.823,0.8247143,0.8262857,0.82914287,0.81514287,0.8217143,0.81614286,0.81371427,
Zig Zag Simulation Global F1,0.72352815,0.7115427,0.72631633,0.7162553,0.7310068,0.7349571,0.71013546,0.72148436,0.7197802,0.7336744,0.71129066,0.7278507,0.70717996,0.7123968,
Fixed Sequence Simulation Expected Actions,4,4,4,4,4,4,4,4,4,4,4,4,4,4,
Fixed Sequence Simulation Matrix Total,7000,7000,7000,7000,7000,7000,7000,7000,7000,7000,7000,7000,7000,7000,
Fixed Sequence Simulation Matrix Accuracy,0.6165714,0.6085714,0.61614287,0.61628574,0.6077143,0.6201429,0.60814285,0.61314285,0.61228573,0.60328573,0.62314284,0.6177143,0.6248571,0.6252857,
Fixed Sequence Simulation Global F1,0.61745805,0.6095681,0.61711097,0.61735296,0.60868543,0.6205455,0.6092216,0.614334,0.612376,0.6043336,0.6238815,0.61874336,0.6259934,0.62623394,
Smart Explorer Simulation Expected Actions,5,5,5,5,5,5,5,5,5,5,5,5,5,5,
Smart Explorer Simulation Matrix Total,7000,7000,7000,7000,7000,7000,7000,7000,7000,7000,7000,7000,7000,7000,
Smart Explorer Simulation Matrix Accuracy,0.67642856,0.6694286,0.6667143,0.6694286,0.67228574,0.67057145,0.6682857,0.67157143,0.6687143,0.662,0.6685714,0.66728574,0.671,0.67314285,
Smart Explorer Simulation Global F1,0.47770613,0.4676711,0.46092647,0.4655722,0.4699386,0.46750528,0.46376127,0.47127008,0.4630061,0.45485935,0.46385306,0.46455947,0.46620384,0.47032824,

Random Type:,Random,Random,Random,Random,Random,Random,Random,Random,Random,Random,Random,Random,Random,Random,
k,4,4,4,4,4,4,4,4,4,4,4,4,4,4,
Iteration,2,2,2,2,2,2,2,2,2,2,2,2,2,2,
Smart Random Simulation Expected Actions,4,4,4,4,4,4,4,4,4,4,4,4,4,4,
Smart Random Simulation Matrix Total,7000,7000,7000,7000,7000,7000,7000,7000,7000,7000,7000,7000,7000,7000,
Smart Random Simulation Matrix Accuracy,0.35114285,0.35157144,0.34685713,0.36385715,0.35857144,0.36385715,0.36585715,0.34942856,0.351,0.34228572,0.3462857,0.34957144,0.35142857,0.35628572,
Smart Random Simulation Global F1,0.35061076,0.3506092,0.34631833,0.3629562,0.3580827,0.3633467,0.36516574,0.34876665,0.35052615,0.34214807,0.34528846,0.34843183,0.3508346,0.35595745,
Straight Line Simulation Expected Actions,4,4,4,4,4,4,4,4,4,4,4,4,4,4,
Straight Line Simulation Matrix Total,7000,7000,7000,7000,7000,7000,7000,7000,7000,7000,7000,7000,7000,7000,
Straight Line Simulation Matrix Accuracy,0.8298572,0.8372857,0.82371426,0.83514285,0.8404286,0.8307143,0.8371429,0.83614284,0.8331429,0.83357143,0.8371429,0.83614284,0.8298572,0.838,
Straight Line Simulation Global F1,0.8294713,0.8372667,0.8237558,0.8352382,0.84001064,0.8305578,0.8369621,0.8359175,0.832924,0.8337475,0.8370837,0.8361665,0.8296646,0.8381989,
Zig Zag Simulation Expected Actions,4,4,4,4,4,4,4,4,4,4,4,4,4,4,
Zig Zag Simulation Matrix Total,7000,7000,7000,7000,7000,7000,7000,7000,7000,7000,7000,7000,7000,7000,
Zig Zag Simulation Matrix Accuracy,0.8331429,0.81871426,0.82528573,0.81685716,0.832,0.822,0.821,0.81442857,0.823,0.8191429,0.8274286,0.822,0.824,0.8241429,
Zig Zag Simulation Global F1,0.7317949,0.72069955,0.7216988,0.72188526,0.7317557,0.7117865,0.7183999,0.7027792,0.7258156,0.7147964,0.713348,0.7208697,0.7300901,0.7195537,
Fixed Sequence Simulation Expected Actions,4,4,4,4,4,4,4,4,4,4,4,4,4,4,
Fixed Sequence Simulation Matrix Total,7000,7000,7000,7000,7000,7000,7000,7000,7000,7000,7000,7000,7000,7000,
Fixed Sequence Simulation Matrix Accuracy,0.62,0.6102857,0.622,0.6135714,0.61914283,0.6232857,0.6201429,0.62628573,0.612,0.61214286,0.60728574,0.6224286,0.62357146,0.612,
Fixed Sequence Simulation Global F1,0.6208334,0.6112518,0.62273854,0.61467254,0.62009597,0.62388134,0.62075853,0.6270961,0.6131146,0.61322004,0.6085367,0.6234667,0.6243203,0.61251014,
Smart Explorer Simulation Expected Actions,5,5,5,5,5,5,5,5,5,5,5,5,5,5,
Smart Explorer Simulation Matrix Total,7000,7000,7000,7000,7000,7000,7000,7000,7000,7000,7000,7000,7000,7000,
Smart Explorer Simulation Matrix Accuracy,0.67242855,0.66985714,0.67142856,0.6662857,0.677,0.67728573,0.6668571,0.6717143,0.6704286,0.671,0.6717143,0.67957145,0.6725714,0.67971426,
Smart Explorer Simulation Global F1,0.47226414,0.46709642,0.46805668,0.45900065,0.47720972,0.48093206,0.4609506,0.47091466,0.4680133,0.46822262,0.47026196,0.48082238,0.46992564,0.4832074,

Random Type:,Random,Random,Random,Random,Random,Random,Random,Random,Random,Random,Random,Random,Random,Random,
k,4,4,4,4,4,4,4,4,4,4,4,4,4,4,
Iteration,3,3,3,3,3,3,3,3,3,3,3,3,3,3,
Smart Random Simulation Expected Actions,4,4,4,4,4,4,4,4,4,4,4,4,4,4,
Smart Random Simulation Matrix Total,7000,7000,7000,7000,7000,7000,7000,7000,7000,7000,7000,7000,7000,7000,
Smart Random Simulation Matrix Accuracy,0.3524286,0.3507143,0.339,0.34685713,0.35557142,0.35385713,0.35942858,0.347,0.35857144,0.35157144,0.34842858,0.36528572,0.36485714,0.35042858,
Smart Random Simulation Global F1,0.3517485,0.35028356,0.3387093,0.345735,0.3548835,0.3524979,0.35841122,0.34635502,0.35785908,0.35055992,0.34781605,0.36442676,0.3641804,0.34887308,
Straight Line Simulation Expected Actions,4,4,4,4,4,4,4,4,4,4,4,4,4,4,
Straight Line Simulation Matrix Total,7000,7000,7000,7000,7000,7000,7000,7000,7000,7000,7000,7000,7000,7000,
Straight Line Simulation Matrix Accuracy,0.83357143,0.827,0.835,0.8287143,0.83485717,0.836,0.8324286,0.83914286,0.83342856,0.826,0.8405714,0.831,0.8317143,0.8332857,
Straight Line Simulation Global F1,0.83349663,0.82697344,0.8346383,0.8286316,0.83465254,0.8356927,0.8321487,0.8389375,0.83295417,0.8258662,0.840413,0.8310598,0.8315764,0.8332912,
Zig Zag Simulation Expected Actions,4,4,4,4,4,4,4,4,4,4,4,4,4,4,
Zig Zag Simulation Matrix Total,7000,7000,7000,7000,7000,7000,7000,7000,7000,7000,7000,7000,7000,7000,
Zig Zag Simulation Matrix Accuracy,0.82757145,0.82257146,0.8217143,0.82357144,0.8272857,0.8212857,0.81642854,0.82514286,0.82014287,0.8214286,0.81871426,0.81528574,0.8191429,0.8265714,
Zig Zag Simulation Global F1,0.7317178,0.7276343,0.719591,0.71871895,0.72515345,0.7171827,0.7169818,0.7261839,0.72055143,0.7180051,0.7214211,0.7002156,0.7150656,0.7275382,
Fixed Sequence Simulation Expected Actions,4,4,4,4,4,4,4,4,4,4,4,4,4,4,
Fixed Sequence Simulation Matrix Total,7000,7000,7000,7000,7000,7000,7000,7000,7000,7000,7000,7000,7000,7000,
Fixed Sequence Simulation Matrix Accuracy,0.6251429,0.6201429,0.6127143,0.6202857,0.6182857,0.61557144,0.61985713,0.62285715,0.6314286,0.62128574,0.61957145,0.62,0.62057143,0.6165714,
Fixed Sequence Simulation Global F1,0.62603766,0.6206471,0.61351216,0.62122715,0.6192892,0.61663187,0.6206319,0.6241048,0.63257307,0.6221673,0.62025505,0.6211442,0.6214864,0.6177667,
Smart Explorer Simulation Expected Actions,5,5,5,5,5,5,5,5,5,5,5,5,5,5,
Smart Explorer Simulation Matrix Total,7000,7000,7000,7000,7000,7000,7000,7000,7000,7000,7000,7000,7000,7000,
Smart Explorer Simulation Matrix Accuracy,0.6785714,0.6734286,0.66157144,0.66885716,0.666,0.671,0.669,0.6682857,0.6701428,0.6677143,0.66985714,0.67228574,0.6642857,0.66385716,
Smart Explorer Simulation Global F1,0.48274907,0.47380343,0.45015627,0.46631438,0.46173525,0.47026068,0.46489877,0.46222,0.4667986,0.4637302,0.4668917,0.46900082,0.4562634,0.45426026,

Random Type:,Random,Random,Random,Random,Random,Random,Random,Random,Random,Random,Random,Random,Random,Random,
k,4,4,4,4,4,4,4,4,4,4,4,4,4,4,
Iteration,4,4,4,4,4,4,4,4,4,4,4,4,4,4,
Smart Random Simulation Expected Actions,4,4,4,4,4,4,4,4,4,4,4,4,4,4,
Smart Random Simulation Matrix Total,7000,7000,7000,7000,7000,7000,7000,7000,7000,7000,7000,7000,7000,7000,
Smart Random Simulation Matrix Accuracy,0.35285714,0.3577143,0.3417143,0.34285715,0.34342858,0.35385713,0.35057142,0.34428573,0.359,0.35957143,0.358,0.3382857,0.359,0.34414285,
Smart Random Simulation Global F1,0.35183036,0.3568397,0.34052765,0.34168586,0.34232324,0.3532073,0.34948465,0.34334183,0.35796645,0.35881066,0.35738298,0.337272,0.35831097,0.3434332,
Straight Line Simulation Expected Actions,4,4,4,4,4,4,4,4,4,4,4,4,4,4,
Straight Line Simulation Matrix Total,7000,7000,7000,7000,7000,7000,7000,7000,7000,7000,7000,7000,7000,7000,
Straight Line Simulation Matrix Accuracy,0.834,0.83614284,0.8312857,0.8295714,0.83414286,0.8354286,0.8345714,0.83285713,0.83214283,0.8407143,0.848,0.821,0.83985716,0.8332857,
Straight Line Simulation Global F1,0.8336974,0.83608335,0.83142275,0.82947695,0.8341456,0.8354458,0.83458024,0.8328376,0.8321404,0.8407566,0.84756494,0.82106483,0.8396975,0.8329209,
Zig Zag Simulation Expected Actions,4,4,4,4,4,4,4,4,4,4,4,4,4,4,
Zig Zag Simulation Matrix Total,7000,7000,7000,7000,7000,7000,7000,7000,7000,7000,7000,7000,7000,7000,
Zig Zag Simulation Matrix Accuracy,0.824,0.81614286,0.82285714,0.8272857,0.8231429,0.8242857,0.82271427,0.8215714,0.8158572,0.8232857,0.8288571,0.82114285,0.82842857,0.8212857,
Zig Zag Simulation Global F1,0.7285251,0.71682066,0.72762704,0.73682547,0.71722054,0.7176772,0.7223225,0.72748035,0.7121424,0.725417,0.726007,0.7269959,0.73334175,0.71468323,
Fixed Sequence Simulation Expected Actions,4,4,4,4,4,4,4,4,4,4,4,4,4,4,
Fixed Sequence Simulation Matrix Total,7000,7000,7000,7000,7000,7000,7000,7000,7000,7000,7000,7000,7000,7000,
Fixed Sequence Simulation Matrix Accuracy,0.6207143,0.6248571,0.61457145,0.6227143,0.6272857,0.61542857,0.6117143,0.6225714,0.61142856,0.6112857,0.6108571,0.6207143,0.6182857,0.617,
Fixed Sequence Simulation Global F1,0.6212524,0.6255215,0.6157069,0.6239891,0.62769663,0.61602616,0.6128049,0.6237073,0.61228836,0.61191005,0.61115146,0.62125075,0.61919063,0.6178818,
Smart Explorer Simulation Expected Actions,5,5,5,5,5,5,5,5,5,5,5,5,5,5,
Smart Explorer Simulation Matrix Total,7000,7000,7000,7000,7000,7000,7000,7000,7000,7000,7000,7000,7000,7000,
Smart Explorer Simulation Matrix Accuracy,0.6718571,0.67542857,0.66814286,0.6677143,0.67142856,0.667,0.66714287,0.66985714,0.66585714,0.6752857,0.66714287,0.67228574,0.6622857,0.6701428,
Smart Explorer Simulation Global F1,0.46904057,0.47710484,0.4637424,0.46140862,0.46839523,0.46008372,0.4613362,0.46571654,0.46037206,0.47548515,0.45859402,0.4676977,0.4548728,0.466057,

Random Type:,Random,Random,Random,Random,Random,Random,Random,Random,Random,Random,Random,Random,Random,Random,
k,4,4,4,4,4,4,4,4,4,4,4,4,4,4,
Iteration,5,5,5,5,5,5,5,5,5,5,5,5,5,5,
Smart Random Simulation Expected Actions,4,4,4,4,4,4,4,4,4,4,4,4,4,4,
Smart Random Simulation Matrix Total,7000,7000,7000,7000,7000,7000,7000,7000,7000,7000,7000,7000,7000,7000,
Smart Random Simulation Matrix Accuracy,0.36457142,0.35385713,0.35142857,0.34357142,0.35714287,0.34314287,0.34442857,0.3524286,0.354,0.3577143,0.34557143,0.35742858,0.35128573,0.348,
Smart Random Simulation Global F1,0.36343652,0.35301214,0.35071582,0.34272265,0.3560969,0.3418702,0.34336,0.35133216,0.3533736,0.35625547,0.3446948,0.35648626,0.35039017,0.34700638,
Straight Line Simulation Expected Actions,4,4,4,4,4,4,4,4,4,4,4,4,4,4,
Straight Line Simulation Matrix Total,7000,7000,7000,7000,7000,7000,7000,7000,7000,7000,7000,7000,7000,7000,
Straight Line Simulation Matrix Accuracy,0.83014286,0.83285713,0.8364286,0.8312857,0.8345714,0.8352857,0.8307143,0.84014285,0.8332857,0.8324286,0.83485717,0.83671427,0.83585715,0.83014286,
Straight Line Simulation Global F1,0.8300025,0.83282864,0.83641106,0.8307463,0.8342403,0.83526266,0.8301931,0.83997214,0.83328724,0.8322532,0.83480674,0.8365474,0.8358164,0.8302277,
Zig Zag Simulation Expected Actions,4,4,4,4,4,4,4,4,4,4,4,4,4,4,
Zig Zag Simulation Matrix Total,7000,7000,7000,7000,7000,7000,7000,7000,7000,7000,7000,7000,7000,7000,
Zig Zag Simulation Matrix Accuracy,0.815,0.82685715,0.82214284,0.82,0.8148571,0.81885713,0.8132857,0.81957144,0.8155714,0.8198571,0.8207143,0.8207143,0.819,0.817,
Zig Zag Simulation Global F1,0.7183596,0.7237501,0.7152445,0.71369016,0.709194,0.7267779,0.71493065,0.72313786,0.71288407,0.720228,0.7186353,0.71794033,0.7180203,0.71814287,
Fixed Sequence Simulation Expected Actions,4,4,4,4,4,4,4,4,4,4,4,4,4,4,
Fixed Sequence Simulation Matrix Total,7000,7000,7000,7000,7000,7000,7000,7000,7000,7000,7000,7000,7000,7000,
Fixed Sequence Simulation Matrix Accuracy,0.62042856,0.62128574,0.62385714,0.617,0.61285716,0.6174286,0.62628573,0.6144286,0.61885715,0.60414284,0.6258571,0.61885715,0.622,0.622,
Fixed Sequence Simulation Global F1,0.62140465,0.62181604,0.62460005,0.6179584,0.61407644,0.61872995,0.62754095,0.6155466,0.6199583,0.60513324,0.6268344,0.6201972,0.62275213,0.6230625,
Smart Explorer Simulation Expected Actions,5,5,5,5,5,5,5,5,5,5,5,5,5,5,
Smart Explorer Simulation Matrix Total,7000,7000,7000,7000,7000,7000,7000,7000,7000,7000,7000,7000,7000,7000,
Smart Explorer Simulation Matrix Accuracy,0.6757143,0.66714287,0.6685714,0.6701428,0.6752857,0.67057145,0.6668571,0.6692857,0.67,0.6687143,0.6662857,0.6644286,0.67228574,0.6611429,
Smart Explorer Simulation Global F1,0.47447547,0.4609662,0.4631111,0.46713907,0.47495565,0.4678026,0.46359342,0.46683177,0.4652447,0.4629089,0.46061134,0.45636934,0.46768427,0.45224482,

Random Type:,Random,Random,Random,Random,Random,Random,Random,Random,Random,Random,Random,Random,Random,Random,
k,4,4,4,4,4,4,4,4,4,4,4,4,4,4,
Iteration,6,6,6,6,6,6,6,6,6,6,6,6,6,6,
Smart Random Simulation Expected Actions,4,4,4,4,4,4,4,4,4,4,4,4,4,4,
Smart Random Simulation Matrix Total,7000,7000,7000,7000,7000,7000,7000,7000,7000,7000,7000,7000,7000,7000,
Smart Random Simulation Matrix Accuracy,0.35214287,0.34928572,0.351,0.35828573,0.352,0.35414284,0.3532857,0.3502857,0.349,0.3482857,0.35114285,0.35857144,0.35085714,0.36014286,
Smart Random Simulation Global F1,0.35083255,0.34890598,0.35006848,0.35765937,0.3515796,0.35312256,0.35286292,0.34950235,0.347991,0.34800914,0.35036287,0.35703653,0.35007074,0.35950732,
Straight Line Simulation Expected Actions,4,4,4,4,4,4,4,4,4,4,4,4,4,4,
Straight Line Simulation Matrix Total,7000,7000,7000,7000,7000,7000,7000,7000,7000,7000,7000,7000,7000,7000,
Straight Line Simulation Matrix Accuracy,0.8442857,0.82771426,0.85228574,0.8372857,0.8387143,0.832,0.8241429,0.8378571,0.8272857,0.8338571,0.8381429,0.83414286,0.82514286,0.8324286,
Straight Line Simulation Global F1,0.843904,0.8275635,0.8521671,0.8372681,0.8384814,0.8319721,0.8241682,0.8378364,0.82691205,0.83363706,0.83776724,0.8338038,0.8254543,0.8324808,
Zig Zag Simulation Expected Actions,4,4,4,4,4,4,4,4,4,4,4,4,4,4,
Zig Zag Simulation Matrix Total,7000,7000,7000,7000,7000,7000,7000,7000,7000,7000,7000,7000,7000,7000,
Zig Zag Simulation Matrix Accuracy,0.8191429,0.82214284,0.8248571,0.8222857,0.8184286,0.82114285,0.8174286,0.823,0.824,0.82185715,0.816,0.8157143,0.82357144,0.827,
Zig Zag Simulation Global F1,0.71263796,0.7245048,0.7278001,0.7241136,0.71770436,0.716832,0.7140784,0.72464937,0.72303617,0.7237468,0.7139181,0.71992815,0.72177833,0.71800756,
Fixed Sequence Simulation Expected Actions,4,4,4,4,4,4,4,4,4,4,4,4,4,4,
Fixed Sequence Simulation Matrix Total,7000,7000,7000,7000,7000,7000,7000,7000,7000,7000,7000,7000,7000,7000,
Fixed Sequence Simulation Matrix Accuracy,0.612,0.61471426,0.6277143,0.6174286,0.6342857,0.62142855,0.61414284,0.6142857,0.61314285,0.6224286,0.6144286,0.62114286,0.6152857,0.6257143,
Fixed Sequence Simulation Global F1,0.61301076,0.6156184,0.62860644,0.61827433,0.6354611,0.62197846,0.6149218,0.6152518,0.6139223,0.6236635,0.61521655,0.6218369,0.6161276,0.6265379,
Smart Explorer Simulation Expected Actions,5,5,5,5,5,5,5,5,5,5,5,5,5,5,
Smart Explorer Simulation Matrix Total,7000,7000,7000,7000,7000,7000,7000,7000,7000,7000,7000,7000,7000,7000,
Smart Explorer Simulation Matrix Accuracy,0.6697143,0.67485714,0.6704286,0.6627143,0.6612857,0.669,0.6725714,0.67485714,0.67057145,0.6695714,0.673,0.6694286,0.66742855,0.6695714,
Smart Explorer Simulation Global F1,0.463677,0.47453004,0.46877593,0.45285282,0.4522461,0.46432027,0.4725007,0.4746538,0.46748513,0.46581364,0.47303438,0.46664628,0.46451092,0.4660464,

Random Type:,Random,Random,Random,Random,Random,Random,Random,Random,Random,Random,Random,Random,Random,Random,
k,10,10,10,10,10,10,10,10,10,10,10,10,10,10,
Iteration,1,1,1,1,1,1,1,1,1,1,1,1,1,1,
Smart Random Simulation Expected Actions,4,4,4,4,4,4,4,4,4,4,4,4,4,4,
Smart Random Simulation Matrix Total,7000,7000,7000,7000,7000,7000,7000,7000,7000,7000,7000,7000,7000,7000,
Smart Random Simulation Matrix Accuracy,0.36342856,0.35714287,0.35628572,0.35814285,0.3537143,0.34942856,0.36257142,0.35514286,0.35085714,0.34842858,0.3522857,0.34728572,0.353,0.36114284,
Smart Random Simulation Global F1,0.36262316,0.35674584,0.35529912,0.35687026,0.35316464,0.34924155,0.36201227,0.3546334,0.34961206,0.34781218,0.35164648,0.3464348,0.35262352,0.3600158,
Straight Line Simulation Expected Actions,4,4,4,4,4,4,4,4,4,4,4,4,4,4,
Straight Line Simulation Matrix Total,7000,7000,7000,7000,7000,7000,7000,7000,7000,7000,7000,7000,7000,7000,
Straight Line Simulation Matrix Accuracy,0.9021429,0.94285715,0.92314285,0.90757143,0.913,0.9448571,0.946,0.9054286,0.9142857,0.9405714,0.92728573,0.90171427,0.8715714,0.8668572,
Straight Line Simulation Global F1,0.90210164,0.9426822,0.9231124,0.90735126,0.91288096,0.9446845,0.9458935,0.9051919,0.91414666,0.94046503,0.9271118,0.90167177,0.8711206,0.86655366,
Zig Zag Simulation Expected Actions,4,4,4,4,4,4,4,4,4,4,4,4,4,4,
Zig Zag Simulation Matrix Total,7000,7000,7000,7000,7000,7000,7000,7000,7000,7000,7000,7000,7000,7000,
Zig Zag Simulation Matrix Accuracy,0.90742856,0.9432857,0.94,0.9257143,0.91642857,0.9507143,0.9512857,0.92228574,0.9144286,0.9484286,0.94114286,0.90985715,0.85057145,0.8471429,
Zig Zag Simulation Global F1,0.8197605,0.84104556,0.8549372,0.84139234,0.8325161,0.8638798,0.8679481,0.8379792,0.8272778,0.85877043,0.8547534,0.82884884,0.7670332,0.7681072,
Fixed Sequence Simulation Expected Actions,4,4,4,4,4,4,4,4,4,4,4,4,4,4,
Fixed Sequence Simulation Matrix Total,7000,7000,7000,7000,7000,7000,7000,7000,7000,7000,7000,7000,7000,7000,
Fixed Sequence Simulation Matrix Accuracy,0.8072857,0.7178571,0.8117143,0.8141429,0.8108571,0.77942854,0.8174286,0.8102857,0.80957144,0.8102857,0.812,0.81142855,0.7968571,0.7967143,
Fixed Sequence Simulation Global F1,0.80734175,0.7177324,0.8117352,0.8141091,0.8108841,0.77945,0.8174989,0.81027204,0.80959344,0.8103444,0.81200397,0.8114909,0.7966691,0.7966287,
Smart Explorer Simulation Expected Actions,5,5,5,5,5,5,5,5,5,5,5,5,5,5,
Smart Explorer Simulation Matrix Total,7000,7000,7000,7000,7000,7000,7000,7000,7000,7000,7000,7000,7000,7000,
Smart Explorer Simulation Matrix Accuracy,0.7207143,0.7114286,0.71842855,0.7195714,0.7155714,0.7252857,0.7128571,0.71171427,0.7212857,0.71842855,0.716,0.7227143,0.7005714,0.7064286,
Smart Explorer Simulation Global F1,0.5261615,0.5116927,0.5229829,0.5253281,0.5179837,0.5344451,0.51192534,0.511019,0.52708846,0.522515,0.5174629,0.5286874,0.4942091,0.50694007,

Random Type:,Random,Random,Random,Random,Random,Random,Random,Random,Random,Random,Random,Random,Random,Random,
k,10,10,10,10,10,10,10,10,10,10,10,10,10,10,
Iteration,2,2,2,2,2,2,2,2,2,2,2,2,2,2,
Smart Random Simulation Expected Actions,4,4,4,4,4,4,4,4,4,4,4,4,4,4,
Smart Random Simulation Matrix Total,7000,7000,7000,7000,7000,7000,7000,7000,7000,7000,7000,7000,7000,7000,
Smart Random Simulation Matrix Accuracy,0.35671428,0.35285714,0.35671428,0.3592857,0.34914285,0.35985714,0.35285714,0.36528572,0.35014287,0.354,0.35657144,0.35814285,0.35128573,0.35257143,
Smart Random Simulation Global F1,0.35560295,0.35146347,0.35595953,0.35843983,0.34830108,0.35867703,0.35161293,0.36446396,0.34973922,0.35325354,0.3555423,0.35706535,0.3505227,0.35153142,
Straight Line Simulation Expected Actions,4,4,4,4,4,4,4,4,4,4,4,4,4,4,
Straight Line Simulation Matrix Total,7000,7000,7000,7000,7000,7000,7000,7000,7000,7000,7000,7000,7000,7000,
Straight Line Simulation Matrix Accuracy,0.89928573,0.94285715,0.91985714,0.91257143,0.90314287,0.94528574,0.94357145,0.9072857,0.90757143,0.9417143,0.9292857,0.898,0.86885715,0.8634286,
Straight Line Simulation Global F1,0.89920896,0.94266534,0.9196644,0.91244173,0.9031098,0.9450754,0.94346577,0.9071034,0.90751994,0.94151783,0.9290792,0.897907,0.8687187,0.86326855,
Zig Zag Simulation Expected Actions,4,4,4,4,4,4,4,4,4,4,4,4,4,4,
Zig Zag Simulation Matrix Total,7000,7000,7000,7000,7000,7000,7000,7000,7000,7000,7000,7000,7000,7000,
Zig Zag Simulation Matrix Accuracy,0.9064286,0.94285715,0.93814284,0.92485714,0.9144286,0.9497143,0.95028573,0.915,0.9144286,0.9474286,0.9427143,0.907,0.8454286,0.8454286,
Zig Zag Simulation Global F1,0.8204232,0.8426467,0.8511575,0.8463415,0.83283585,0.8604095,0.8651968,0.82145923,0.83041525,0.85648644,0.8556227,0.8179939,0.7609277,0.76197356,
Fixed Sequence Simulation Expected Actions,4,4,4,4,4,4,4,4,4,4,4,4,4,4,
Fixed Sequence Simulation Matrix Total,7000,7000,7000,7000,7000,7000,7000,7000,7000,7000,7000,7000,7000,7000,
Fixed Sequence Simulation Matrix Accuracy,0.8155714,0.71171427,0.81185716,0.8035714,0.809,0.78814286,0.8094286,0.81,0.812,0.81285715,0.81457144,0.8122857,0.80471426,0.80042857,
Fixed Sequence Simulation Global F1,0.8155511,0.7117876,0.812039,0.8034976,0.80892944,0.78811914,0.8095255,0.8100416,0.81194437,0.8130529,0.814605,0.81246924,0.80477065,0.80025184,
Smart Explorer Simulation Expected Actions,5,5,5,5,5,5,5,5,5,5,5,5,5,5,
Smart Explorer Simulation Matrix Total,7000,7000,7000,7000,7000,7000,7000,7000,7000,7000,7000,7000,7000,7000,
Smart Explorer Simulation Matrix Accuracy,0.722,0.7105714,0.7252857,0.72185713,0.7202857,0.7222857,0.717,0.7171429,0.72328573,0.71614283,0.72085714,0.7154286,0.70914286,0.70428574,
Smart Explorer Simulation Global F1,0.5293903,0.5116791,0.5339482,0.5286883,0.5268592,0.53058946,0.5195128,0.5194422,0.53122485,0.5178944,0.5266959,0.5163118,0.50877875,0.5023992,

Random Type:,Random,Random,Random,Random,Random,Random,Random,Random,Random,Random,Random,Random,Random,Random,
k,10,10,10,10,10,10,10,10,10,10,10,10,10,10,
Iteration,3,3,3,3,3,3,3,3,3,3,3,3,3,3,
Smart Random Simulation Expected Actions,4,4,4,4,4,4,4,4,4,4,4,4,4,4,
Smart Random Simulation Matrix Total,7000,7000,7000,7000,7000,7000,7000,7000,7000,7000,7000,7000,7000,7000,
Smart Random Simulation Matrix Accuracy,0.3507143,0.34514287,0.36385715,0.3607143,0.3572857,0.36314285,0.35171428,0.35857144,0.3524286,0.36128572,0.35842857,0.35042858,0.35471427,0.3622857,
Smart Random Simulation Global F1,0.34994435,0.3440387,0.36332142,0.36022145,0.3563261,0.36188942,0.35094213,0.35818848,0.35096377,0.3605486,0.3577072,0.35019884,0.35386598,0.3618863,
Straight Line Simulation Expected Actions,4,4,4,4,4,4,4,4,4,4,4,4,4,4,
Straight Line Simulation Matrix Total,7000,7000,7000,7000,7000,7000,7000,7000,7000,7000,7000,7000,7000,7000,
Straight Line Simulation Matrix Accuracy,0.8997143,0.94385713,0.9197143,0.9114286,0.91057146,0.9374286,0.94114286,0.9111429,0.90914285,0.941,0.9322857,0.9047143,0.86914283,0.86071426,
Straight Line Simulation Global F1,0.899486,0.94371575,0.9194703,0.9112283,0.91044044,0.9373102,0.9409824,0.91109145,0.90896815,0.9407601,0.9321228,0.9045353,0.8690141,0.8604401,
Zig Zag Simulation Expected Actions,4,4,4,4,4,4,4,4,4,4,4,4,4,4,
Zig Zag Simulation Matrix Total,7000,7000,7000,7000,7000,7000,7000,7000,7000,7000,7000,7000,7000,7000,
Zig Zag Simulation Matrix Accuracy,0.91,0.9447143,0.93485713,0.92142856,0.91328573,0.95185715,0.95257145,0.91914284,0.91242856,0.9462857,0.941,0.90585715,0.8372857,0.83928573,
Zig Zag Simulation Global F1,0.8302959,0.8424293,0.84628546,0.8382974,0.8236868,0.8658077,0.8691038,0.83930206,0.83148456,0.85290384,0.8549654,0.8168036,0.7482903,0.75150377,
Fixed Sequence Simulation Expected Actions,4,4,4,4,4,4,4,4,4,4,4,4,4,4,
Fixed Sequence Simulation Matrix Total,7000,7000,7000,7000,7000,7000,7000,7000,7000,7000,7000,7000,7000,7000,
Fixed Sequence Simulation Matrix Accuracy,0.81214285,0.71442854,0.81685716,0.8084286,0.8011429,0.7854286,0.811,0.80885714,0.8167143,0.8091428,0.81371427,0.8155714,0.8074286,0.79728574,
Fixed Sequence Simulation Global F1,0.8122153,0.71454537,0.81696206,0.8085454,0.8011126,0.78546524,0.8110669,0.80887824,0.81675065,0.8092538,0.81366706,0.81569254,0.8073771,0.79717666,
Smart Explorer Simulation Expected Actions,5,5,5,5,5,5,5,5,5,5,5,5,5,5,
Smart Explorer Simulation Matrix Total,7000,7000,7000,7000,7000,7000,7000,7000,7000,7000,7000,7000,7000,7000,
Smart Explorer Simulation Matrix Accuracy,0.7172857,0.71257144,0.7177143,0.7147143,0.7214286,0.7214286,0.714,0.7195714,0.72485715,0.7262857,0.7194286,0.7221429,0.71171427,0.70028573,
Smart Explorer Simulation Global F1,0.5190129,0.5150162,0.5224071,0.51744974,0.5275872,0.5286167,0.51378024,0.5251447,0.5339257,0.53664523,0.5245436,0.5295323,0.51348925,0.49680263,

Random Type:,Random,Random,Random,Random,Random,Random,Random,Random,Random,Random,Random,Random,Random,Random,
k,10,10,10,10,10,10,10,10,10,10,10,10,10,10,
Iteration,4,4,4,4,4,4,4,4,4,4,4,4,4,4,
Smart Random Simulation Expected Actions,4,4,4,4,4,4,4,4,4,4,4,4,4,4,
Smart Random Simulation Matrix Total,7000,7000,7000,7000,7000,7000,7000,7000,7000,7000,7000,7000,7000,7000,
Smart Random Simulation Matrix Accuracy,0.3647143,0.3487143,0.35485715,0.368,0.35742858,0.3527143,0.35671428,0.3605714,0.35057142,0.36457142,0.35557142,0.355,0.35585713,0.3557143,
Smart Random Simulation Global F1,0.3637965,0.34829426,0.35418424,0.36782834,0.35676667,0.3518446,0.35584742,0.35946977,0.3497597,0.3637421,0.35448334,0.35457987,0.35482714,0.35521677,
Straight Line Simulation Expected Actions,4,4,4,4,4,4,4,4,4,4,4,4,4,4,
Straight Line Simulation Matrix Total,7000,7000,7000,7000,7000,7000,7000,7000,7000,7000,7000,7000,7000,7000,
Straight Line Simulation Matrix Accuracy,0.9027143,0.9427143,0.9194286,0.91342854,0.9128571,0.9412857,0.9427143,0.90742856,0.9135714,0.939,0.93042856,0.9097143,0.8665714,0.8682857,
Straight Line Simulation Global F1,0.90273464,0.9426174,0.91940355,0.9132136,0.9127318,0.94114405,0.9425569,0.9072335,0.9133937,0.938806,0.93035775,0.90969586,0.8660369,0.8681415,
Zig Zag Simulation Expected Actions,4,4,4,4,4,4,4,4,4,4,4,4,4,4,
Zig Zag Simulation Matrix Total,7000,7000,7000,7000,7000,7000,7000,7000,7000,7000,7000,7000,7000,7000,
Zig Zag Simulation Matrix Accuracy,0.9071429,0.943,0.93314284,0.91985714,0.9175714,0.94871426,0.947,0.91742855,0.906,0.95028573,0.9424286,0.91057146,0.8445714,0.8422857,
Zig Zag Simulation Global F1,0.82595265,0.839817,0.8460628,0.8286676,0.8365469,0.85906434,0.85560536,0.83699864,0.81215054,0.8658256,0.8569115,0.82449543,0.7689342,0.766266,
Fixed Sequence Simulation Expected Actions,4,4,4,4,4,4,4,4,4,4,4,4,4,4,
Fixed Sequence Simulation Matrix Total,7000,7000,7000,7000,7000,7000,7000,7000,7000,7000,7000,7000,7000,7000,
Fixed Sequence Simulation Matrix Accuracy,0.8094286,0.7064286,0.8127143,0.8108571,0.809,0.78585714,0.81871426,0.8132857,0.8094286,0.81785715,0.817,0.8241429,0.80471426,0.79414284,
Fixed Sequence Simulation Global F1,0.8095534,0.70650685,0.81285214,0.8109335,0.8089468,0.7861199,0.8187414,0.8133145,0.8095453,0.8179084,0.8171449,0.8240572,0.8044851,0.79398036,
Smart Explorer Simulation Expected Actions,5,5,5,5,5,5,5,5,5,5,5,5,5,5,
Smart Explorer Simulation Matrix Total,7000,7000,7000,7000,7000,7000,7000,7000,7000,7000,7000,7000,7000,7000,
Smart Explorer Simulation Matrix Accuracy,0.7192857,0.714,0.71885717,0.72,0.7228571,0.71885717,0.7245714,0.7207143,0.71514285,0.7204286,0.72171426,0.7145714,0.7114286,0.70842856,
Smart Explorer Simulation Global F1,0.523622,0.5162417,0.5223661,0.52468336,0.5302828,0.52433234,0.5334314,0.5261934,0.5158911,0.52651244,0.5275966,0.5156366,0.5137045,0.51119655,

Random Type:,Random,Random,Random,Random,Random,Random,Random,Random,Random,Random,Random,Random,Random,Random,
k,10,10,10,10,10,10,10,10,10,10,10,10,10,10,
Iteration,5,5,5,5,5,5,5,5,5,5,5,5,5,5,
Smart Random Simulation Expected Actions,4,4,4,4,4,4,4,4,4,4,4,4,4,4,
Smart Random Simulation Matrix Total,7000,7000,7000,7000,7000,7000,7000,7000,7000,7000,7000,7000,7000,7000,
Smart Random Simulation Matrix Accuracy,0.358,0.35214287,0.35585713,0.36314285,0.35085714,0.35942858,0.35128573,0.356,0.35685715,0.36085713,0.36557144,0.34114286,0.36128572,0.357,
Smart Random Simulation Global F1,0.35726607,0.35114413,0.3550769,0.3619054,0.35003302,0.35851634,0.34981245,0.35461497,0.35618615,0.3600529,0.36445883,0.340496,0.36094466,0.35558385,
Straight Line Simulation Expected Actions,4,4,4,4,4,4,4,4,4,4,4,4,4,4,
Straight Line Simulation Matrix Total,7000,7000,7000,7000,7000,7000,7000,7000,7000,7000,7000,7000,7000,7000,
Straight Line Simulation Matrix Accuracy,0.8987143,0.94185716,0.917,0.91057146,0.9112857,0.9407143,0.94528574,0.9078571,0.91057146,0.941,0.9261429,0.903,0.86628574,0.8637143,
Straight Line Simulation Global F1,0.89859235,0.9417052,0.916737,0.9104501,0.9111829,0.94057095,0.9450681,0.9076745,0.9104744,0.94081575,0.9258911,0.90296775,0.8660396,0.86374265,
Zig Zag Simulation Expected Actions,4,4,4,4,4,4,4,4,4,4,4,4,4,4,
Zig Zag Simulation Matrix Total,7000,7000,7000,7000,7000,7000,7000,7000,7000,7000,7000,7000,7000,7000,
Zig Zag Simulation Matrix Accuracy,0.91057146,0.94528574,0.9367143,0.92071426,0.9127143,0.9507143,0.94771427,0.91657144,0.917,0.9497143,0.94185716,0.9042857,0.84514284,0.84014285,
Zig Zag Simulation Global F1,0.8252619,0.8476919,0.8515636,0.8349306,0.8271335,0.86434567,0.855668,0.83071077,0.83184624,0.86169744,0.8552412,0.8145577,0.76035285,0.7567054,
Fixed Sequence Simulation Expected Actions,4,4,4,4,4,4,4,4,4,4,4,4,4,4,
Fixed Sequence Simulation Matrix Total,7000,7000,7000,7000,7000,7000,7000,7000,7000,7000,7000,7000,7000,7000,
Fixed Sequence Simulation Matrix Accuracy,0.8115714,0.7204286,0.8107143,0.80885714,0.81057143,0.7892857,0.8101429,0.81457144,0.81042856,0.8117143,0.81614286,0.8147143,0.8007143,0.79242855,
Fixed Sequence Simulation Global F1,0.81166947,0.72061884,0.81081307,0.80886775,0.8104681,0.78914547,0.81021905,0.81459403,0.8104125,0.81197035,0.816275,0.8146444,0.8008193,0.7924695,
Smart Explorer Simulation Expected Actions,5,5,5,5,5,5,5,5,5,5,5,5,5,5,
Smart Explorer Simulation Matrix Total,7000,7000,7000,7000,7000,7000,7000,7000,7000,7000,7000,7000,7000,7000,
Smart Explorer Simulation Matrix Accuracy,0.7185714,0.71671426,0.71614283,0.71585715,0.71814287,0.722,0.7164286,0.70942855,0.7132857,0.7214286,0.7211428,0.72057146,0.7132857,0.7048572,
Smart Explorer Simulation Global F1,0.5217799,0.5206101,0.51839066,0.5185359,0.521628,0.52903163,0.5185396,0.507277,0.51317245,0.5268246,0.5277685,0.5266617,0.51765406,0.5042769,

Random Type:,Random,Random,Random,Random,Random,Random,Random,Random,Random,Random,Random,Random,Random,Random,
k,10,10,10,10,10,10,10,10,10,10,10,10,10,10,
Iteration,6,6,6,6,6,6,6,6,6,6,6,6,6,6,
Smart Random Simulation Expected Actions,4,4,4,4,4,4,4,4,4,4,4,4,4,4,
Smart Random Simulation Matrix Total,7000,7000,7000,7000,7000,7000,7000,7000,7000,7000,7000,7000,7000,7000,
Smart Random Simulation Matrix Accuracy,0.342,0.35542858,0.35542858,0.356,0.3537143,0.362,0.36214286,0.36114284,0.35557142,0.355,0.36171427,0.36514285,0.3605714,0.34971428,
Smart Random Simulation Global F1,0.3408667,0.35477418,0.35473642,0.3549814,0.35283017,0.3609617,0.3609384,0.36028895,0.35443836,0.35370037,0.36094502,0.3644518,0.35994878,0.34837434,
Straight Line Simulation Expected Actions,4,4,4,4,4,4,4,4,4,4,4,4,4,4,
Straight Line Simulation Matrix Total,7000,7000,7000,7000,7000,7000,7000,7000,7000,7000,7000,7000,7000,7000,
Straight Line Simulation Matrix Accuracy,0.8988571,0.9424286,0.92071426,0.91057146,0.91057146,0.9372857,0.9407143,0.904,0.91314286,0.946,0.93142855,0.9021429,0.8668572,0.874,
Straight Line Simulation Global F1,0.8987616,0.94226784,0.92060655,0.91043174,0.9103588,0.93710667,0.9405736,0.9037655,0.9131667,0.9458329,0.9312818,0.9021201,0.8667317,0.8736583,
Zig Zag Simulation Expected Actions,4,4,4,4,4,4,4,4,4,4,4,4,4,4,
Zig Zag Simulation Matrix Total,7000,7000,7000,7000,7000,7000,7000,7000,7000,7000,7000,7000,7000,7000,
Zig Zag Simulation Matrix Accuracy,0.9054286,0.93785715,0.9407143,0.9211429,0.9152857,0.9554286,0.9505714,0.91585714,0.9142857,0.94871426,0.939,0.91057146,0.84342855,0.84685713,
Zig Zag Simulation Global F1,0.81885076,0.82510483,0.861488,0.8407097,0.82914764,0.8761933,0.86550957,0.8361794,0.8342043,0.85772836,0.8461293,0.8244875,0.7627349,0.7704754,
Fixed Sequence Simulation Expected Actions,4,4,4,4,4,4,4,4,4,4,4,4,4,4,
Fixed Sequence Simulation Matrix Total,7000,7000,7000,7000,7000,7000,7000,7000,7000,7000,7000,7000,7000,7000,
Fixed Sequence Simulation Matrix Accuracy,0.80557144,0.71814287,0.8215714,0.811,0.8124286,0.7835714,0.809,0.8117143,0.8102857,0.8125714,0.812,0.8162857,0.813,0.79557145,
Fixed Sequence Simulation Global F1,0.80549246,0.71792924,0.8216613,0.8111702,0.81237537,0.7837181,0.8091407,0.81182355,0.81044394,0.81268835,0.8120332,0.81641454,0.81294024,0.7955425,
Smart Explorer Simulation Expected Actions,5,5,5,5,5,5,5,5,5,5,5,5,5,5,
Smart Explorer Simulation Matrix Total,7000,7000,7000,7000,7000,7000,7000,7000,7000,7000,7000,7000,7000,7000,
Smart Explorer Simulation Matrix Accuracy,0.7122857,0.7102857,0.7147143,0.728,0.7195714,0.7195714,0.722,0.7204286,0.7187143,0.7171429,0.71914285,0.7145714,0.71171427,0.69957143,
Smart Explorer Simulation Global F1,0.5113742,0.5104079,0.5163764,0.53895104,0.52514344,0.5241822,0.5285888,0.52555746,0.5225311,0.5199054,0.5235084,0.51535076,0.51325727,0.49575067,

Random Type:,Random,Random,Random,Random,Random,Random,Random,Random,Random,Random,Random,Random,Random,Random,
k,20,20,20,20,20,20,20,20,20,20,20,20,20,20,
Iteration,1,1,1,1,1,1,1,1,1,1,1,1,1,1,
Smart Random Simulation Expected Actions,4,4,4,4,4,4,4,4,4,4,4,4,4,4,
Smart Random Simulation Matrix Total,7000,7000,7000,7000,7000,7000,7000,7000,7000,7000,7000,7000,7000,7000,
Smart Random Simulation Matrix Accuracy,0.35828573,0.35657144,0.36285713,0.3597143,0.36528572,0.36028573,0.36857143,0.3532857,0.36571428,0.36585715,0.36842856,0.36614287,0.36585715,0.35885715,
Smart Random Simulation Global F1,0.3575084,0.35561687,0.36219117,0.35886642,0.3639896,0.35916245,0.3675899,0.352621,0.365158,0.36532784,0.36675376,0.3650144,0.364894,0.35811886,
Straight Line Simulation Expected Actions,4,4,4,4,4,4,4,4,4,4,4,4,4,4,
Straight Line Simulation Matrix Total,7000,7000,7000,7000,7000,7000,7000,7000,7000,7000,7000,7000,7000,7000,
Straight Line Simulation Matrix Accuracy,0.8824286,0.94542855,0.92742854,0.911,0.89428574,0.9467143,0.9432857,0.9021429,0.8805714,0.94371426,0.9284286,0.9071429,0.8402857,0.8302857,
Straight Line Simulation Global F1,0.88251734,0.94527227,0.92727375,0.91083777,0.8939817,0.9465326,0.9431273,0.90185374,0.88057756,0.9435173,0.92821455,0.90704364,0.8404045,0.8302614,
Zig Zag Simulation Expected Actions,4,4,4,4,4,4,4,4,4,4,4,4,4,4,
Zig Zag Simulation Matrix Total,7000,7000,7000,7000,7000,7000,7000,7000,7000,7000,7000,7000,7000,7000,
Zig Zag Simulation Matrix Accuracy,0.92385715,0.9482857,0.9597143,0.9465714,0.93385714,0.96442854,0.9692857,0.9422857,0.92285717,0.9727143,0.96685714,0.951,0.83985716,0.834,
Zig Zag Simulation Global F1,0.88431776,0.8532631,0.89707494,0.8967972,0.88138074,0.90042025,0.9103791,0.899155,0.87883556,0.92136395,0.9128881,0.901958,0.8048493,0.81676805,
Fixed Sequence Simulation Expected Actions,4,4,4,4,4,4,4,4,4,4,4,4,4,4,
Fixed Sequence Simulation Matrix Total,7000,7000,7000,7000,7000,7000,7000,7000,7000,7000,7000,7000,7000,7000,
Fixed Sequence Simulation Matrix Accuracy,0.94957143,0.7362857,0.8862857,0.94585717,0.9492857,0.82928574,0.939,0.9474286,0.9505714,0.9344286,0.9374286,0.9412857,0.9398571,0.948,
Fixed Sequence Simulation Global F1,0.94962037,0.736192,0.88634896,0.94585806,0.94932383,0.8293249,0.9390091,0.94747883,0.95065206,0.9344795,0.9374591,0.9412973,0.9399817,0.94813544,
Smart Explorer Simulation Expected Actions,5,5,5,5,5,5,5,5,5,5,5,5,5,5,
Smart Explorer Simulation Matrix Total,7000,7000,7000,7000,7000,7000,7000,7000,7000,7000,7000,7000,7000,7000,
Smart Explorer Simulation Matrix Accuracy,0.7385714,0.7275714,0.73642856,0.75142854,0.73914284,0.74214286,0.7377143,0.743,0.73157144,0.7401429,0.74142855,0.73714286,0.73228574,0.70771426,
Smart Explorer Simulation Global F1,0.55101746,0.5327716,0.5465849,0.57275164,0.5517915,0.5566378,0.54856837,0.5582779,0.53927547,0.5529594,0.5548853,0.54817903,0.5423217,0.5054781,

Random Type:,Random,Random,Random,Random,Random,Random,Random,Random,Random,Random,Random,Random,Random,Random,
k,20,20,20,20,20,20,20,20,20,20,20,20,20,20,
Iteration,2,2,2,2,2,2,2,2,2,2,2,2,2,2,
Smart Random Simulation Expected Actions,4,4,4,4,4,4,4,4,4,4,4,4,4,4,
Smart Random Simulation Matrix Total,7000,7000,7000,7000,7000,7000,7000,7000,7000,7000,7000,7000,7000,7000,
Smart Random Simulation Matrix Accuracy,0.36414286,0.3412857,0.3622857,0.36685714,0.35642856,0.3747143,0.36657143,0.3762857,0.35885715,0.37285715,0.3627143,0.3697143,0.36085713,0.36257142,
Smart Random Simulation Global F1,0.36320883,0.33997548,0.36135852,0.3665118,0.35559592,0.3743508,0.3657456,0.37571725,0.3581317,0.37190193,0.36185396,0.36937088,0.36033154,0.36179757,
Straight Line Simulation Expected Actions,4,4,4,4,4,4,4,4,4,4,4,4,4,4,
Straight Line Simulation Matrix Total,7000,7000,7000,7000,7000,7000,7000,7000,7000,7000,7000,7000,7000,7000,
Straight Line Simulation Matrix Accuracy,0.8832857,0.944,0.9285714,0.9121429,0.898,0.94785714,0.9407143,0.9027143,0.8831428,0.94785714,0.932,0.9142857,0.82928574,0.83014286,
Straight Line Simulation Global F1,0.8833873,0.9438145,0.9283747,0.91185427,0.8977654,0.9477056,0.94054574,0.90237296,0.8831339,0.94769573,0.931808,0.9142201,0.8293036,0.8304895,
Zig Zag Simulation Expected Actions,4,4,4,4,4,4,4,4,4,4,4,4,4,4,
Zig Zag Simulation Matrix Total,7000,7000,7000,7000,7000,7000,7000,7000,7000,7000,7000,7000,7000,7000,
Zig Zag Simulation Matrix Accuracy,0.92414284,0.9538571,0.9555714,0.94771427,0.93614286,0.96414286,0.96985716,0.9397143,0.9257143,0.969,0.96885717,0.94871426,0.8395714,0.8281429,
Zig Zag Simulation Global F1,0.8824296,0.8702445,0.89102095,0.89530134,0.88901913,0.90080166,0.9130361,0.88969564,0.88209903,0.90778846,0.91682464,0.8967457,0.8071394,0.8057403,
Fixed Sequence Simulation Expected Actions,4,4,4,4,4,4,4,4,4,4,4,4,4,4,
Fixed Sequence Simulation Matrix Total,7000,7000,7000,7000,7000,7000,7000,7000,7000,7000,7000,7000,7000,7000,
Fixed Sequence Simulation Matrix Accuracy,0.9467143,0.73571426,0.8814286,0.95428574,0.9467143,0.8332857,0.94042856,0.95442855,0.95028573,0.9351429,0.945,0.94,0.9374286,0.9462857,
Fixed Sequence Simulation Global F1,0.9467412,0.7355153,0.88147306,0.9542957,0.94679326,0.8332223,0.9404627,0.95447433,0.9503621,0.93519837,0.9450601,0.9400345,0.93758476,0.9463856,
Smart Explorer Simulation Expected Actions,5,5,5,5,5,5,5,5,5,5,5,5,5,5,
Smart Explorer Simulation Matrix Total,7000,7000,7000,7000,7000,7000,7000,7000,7000,7000,7000,7000,7000,7000,
Smart Explorer Simulation Matrix Accuracy,0.743,0.73457146,0.7387143,0.7384286,0.73971426,0.7452857,0.74057144,0.743,0.7465714,0.7508571,0.7392857,0.73785716,0.728,0.7107143,
Smart Explorer Simulation Global F1,0.5584116,0.54525536,0.5506573,0.5510264,0.55219764,0.56199664,0.55435383,0.5579618,0.5642188,0.5716691,0.55074865,0.5495733,0.5359769,0.5112895,

Random Type:,Random,Random,Random,Random,Random,Random,Random,Random,Random,Random,Random,Random,Random,Random,
k,20,20,20,20,20,20,20,20,20,20,20,20,20,20,
Iteration,3,3,3,3,3,3,3,3,3,3,3,3,3,3,
Smart Random Simulation Expected Actions,4,4,4,4,4,4,4,4,4,4,4,4,4,4,
Smart Random Simulation Matrix Total,7000,7000,7000,7000,7000,7000,7000,7000,7000,7000,7000,7000,7000,7000,
Smart Random Simulation Matrix Accuracy,0.3667143,0.35414284,0.36857143,0.357,0.3647143,0.36014286,0.37642857,0.35657144,0.357,0.364,0.3662857,0.36714286,0.35428572,0.37042856,
Smart Random Simulation Global F1,0.36566234,0.35345122,0.36807436,0.35656336,0.3635186,0.35930365,0.37533346,0.35560185,0.35577598,0.36316073,0.3651812,0.36601126,0.35349867,0.36992937,
Straight Line Simulation Expected Actions,4,4,4,4,4,4,4,4,4,4,4,4,4,4,
Straight Line Simulation Matrix Total,7000,7000,7000,7000,7000,7000,7000,7000,7000,7000,7000,7000,7000,7000,
Straight Line Simulation Matrix Accuracy,0.88185716,0.9442857,0.92971426,0.914,0.8988571,0.94714284,0.948,0.90814286,0.88785714,0.9467143,0.9284286,0.9102857,0.839,0.823,
Straight Line Simulation Global F1,0.8816654,0.94410837,0.92950094,0.9139825,0.8985224,0.9469667,0.94784033,0.90799206,0.88790154,0.94652796,0.9283668,0.91017115,0.83895767,0.82299834,
Zig Zag Simulation Expected Actions,4,4,4,4,4,4,4,4,4,4,4,4,4,4,
Zig Zag Simulation Matrix Total,7000,7000,7000,7000,7000,7000,7000,7000,7000,7000,7000,7000,7000,7000,
Zig Zag Simulation Matrix Accuracy,0.92457145,0.94857144,0.9548572,0.94685715,0.9384286,0.96185714,0.97242856,0.94442856,0.92314285,0.9712857,0.966,0.94542855,0.83357143,0.831,
Zig Zag Simulation Global F1,0.8807487,0.85309774,0.8863391,0.8940794,0.896882,0.8908373,0.916945,0.90316975,0.87421453,0.9150952,0.910191,0.88730836,0.8041121,0.8049613,
Fixed Sequence Simulation Expected Actions,4,4,4,4,4,4,4,4,4,4,4,4,4,4,
Fixed Sequence Simulation Matrix Total,7000,7000,7000,7000,7000,7000,7000,7000,7000,7000,7000,7000,7000,7000,
Fixed Sequence Simulation Matrix Accuracy,0.9481429,0.73914284,0.88528574,0.94528574,0.9491429,0.833,0.9441429,0.9497143,0.94771427,0.93871427,0.9391429,0.94,0.9412857,0.95014286,
Fixed Sequence Simulation Global F1,0.948205,0.73923725,0.8852397,0.9453249,0.94923484,0.83296525,0.9441284,0.94975793,0.94776183,0.9387532,0.9391606,0.94004625,0.9413874,0.9502327,
Smart Explorer Simulation Expected Actions,5,5,5,5,5,5,5,5,5,5,5,5,5,5,
Smart Explorer Simulation Matrix Total,7000,7000,7000,7000,7000,7000,7000,7000,7000,7000,7000,7000,7000,7000,
Smart Explorer Simulation Matrix Accuracy,0.7367143,0.7327143,0.74471426,0.74857146,0.73957145,0.7387143,0.7444286,0.7394286,0.73885715,0.737,0.7407143,0.74042857,0.73085713,0.7121429,
Smart Explorer Simulation Global F1,0.54747427,0.5415276,0.56038916,0.5675849,0.5527297,0.5514239,0.5606704,0.5519125,0.551245,0.5478907,0.5537724,0.55353475,0.54036963,0.51511294,

Random Type:,Random,Random,Random,Random,Random,Random,Random,Random,Random,Random,Random,Random,Random,Random,
k,20,20,20,20,20,20,20,20,20,20,20,20,20,20,
Iteration,4,4,4,4,4,4,4,4,4,4,4,4,4,4,
Smart Random Simulation Expected Actions,4,4,4,4,4,4,4,4,4,4,4,4,4,4,
Smart Random Simulation Matrix Total,7000,7000,7000,7000,7000,7000,7000,7000,7000,7000,7000,7000,7000,7000,
Smart Random Simulation Matrix Accuracy,0.36557144,0.34885713,0.3622857,0.3732857,0.37157142,0.36728573,0.36257142,0.37242857,0.366,0.3597143,0.36757144,0.36457142,0.35814285,0.37614286,
Smart Random Simulation Global F1,0.36430234,0.34832734,0.36157477,0.37243992,0.37104,0.36655474,0.3616022,0.3718873,0.36560637,0.3584989,0.36683357,0.3635435,0.35787365,0.3746839,
Straight Line Simulation Expected Actions,4,4,4,4,4,4,4,4,4,4,4,4,4,4,
Straight Line Simulation Matrix Total,7000,7000,7000,7000,7000,7000,7000,7000,7000,7000,7000,7000,7000,7000,
Straight Line Simulation Matrix Accuracy,0.8867143,0.94371426,0.9242857,0.91014284,0.89771426,0.94142854,0.9464286,0.907,0.8848571,0.946,0.93214285,0.91014284,0.8407143,0.8212857,
Straight Line Simulation Global F1,0.88654864,0.94349146,0.92400396,0.90996397,0.8974968,0.9411978,0.94628257,0.9068302,0.8847169,0.9458318,0.9319438,0.9102759,0.84097904,0.8216235,
Zig Zag Simulation Expected Actions,4,4,4,4,4,4,4,4,4,4,4,4,4,4,
Zig Zag Simulation Matrix Total,7000,7000,7000,7000,7000,7000,7000,7000,7000,7000,7000,7000,7000,7000,
Zig Zag Simulation Matrix Accuracy,0.9154286,0.9522857,0.95785713,0.9462857,0.9384286,0.963,0.9695714,0.93485713,0.92728573,0.9678571,0.9672857,0.9474286,0.837,0.8304286,
Zig Zag Simulation Global F1,0.87215614,0.86087835,0.89712787,0.8923013,0.8941644,0.8957391,0.91339856,0.8789021,0.88505036,0.9076833,0.9083899,0.892185,0.8023881,0.80768275,
Fixed Sequence Simulation Expected Actions,4,4,4,4,4,4,4,4,4,4,4,4,4,4,
Fixed Sequence Simulation Matrix Total,7000,7000,7000,7000,7000,7000,7000,7000,7000,7000,7000,7000,7000,7000,
Fixed Sequence Simulation Matrix Accuracy,0.945,0.7294286,0.8842857,0.9524286,0.95,0.83585715,0.942,0.95085716,0.94857144,0.93642855,0.9358571,0.9415714,0.93685716,0.943,
Fixed Sequence Simulation Global F1,0.94512886,0.7296647,0.8843793,0.952467,0.9500431,0.8358592,0.9419812,0.95092505,0.948641,0.9364418,0.93586284,0.94161123,0.9369754,0.943144,
Smart Explorer Simulation Expected Actions,5,5,5,5,5,5,5,5,5,5,5,5,5,5,
Smart Explorer Simulation Matrix Total,7000,7000,7000,7000,7000,7000,7000,7000,7000,7000,7000,7000,7000,7000,
Smart Explorer Simulation Matrix Accuracy,0.7382857,0.73014283,0.747,0.7422857,0.74114287,0.737,0.73657143,0.746,0.7402857,0.74057144,0.737,0.73471427,0.7292857,0.7097143,
Smart Explorer Simulation Global F1,0.550369,0.5363017,0.56509066,0.5574061,0.5550486,0.5483464,0.5464221,0.563147,0.55408067,0.5538996,0.54698217,0.5428893,0.53738135,0.5106689,

Random Type:,Random,Random,Random,Random,Random,Random,Random,Random,Random,Random,Random,Random,Random,Random,
k,20,20,20,20,20,20,20,20,20,20,20,20,20,20,
Iteration,5,5,5,5,5,5,5,5,5,5,5,5,5,5,
Smart Random Simulation Expected Actions,4,4,4,4,4,4,4,4,4,4,4,4,4,4,
Smart Random Simulation Matrix Total,7000,7000,7000,7000,7000,7000,7000,7000,7000,7000,7000,7000,7000,7000,
Smart Random Simulation Matrix Accuracy,0.36528572,0.351,0.37714285,0.36857143,0.367,0.35842857,0.36328572,0.36514285,0.36757144,0.374,0.36171427,0.3692857,0.36242858,0.366,
Smart Random Simulation Global F1,0.36489254,0.35039818,0.37554705,0.36776724,0.36606786,0.3576331,0.36231545,0.36464706,0.3663677,0.37294233,0.36116555,0.36851466,0.36153135,0.36479288,
Straight Line Simulation Expected Actions,4,4,4,4,4,4,4,4,4,4,4,4,4,4,
Straight Line Simulation Matrix Total,7000,7000,7000,7000,7000,7000,7000,7000,7000,7000,7000,7000,7000,7000,
Straight Line Simulation Matrix Accuracy,0.886,0.9457143,0.9242857,0.91014284,0.89485717,0.94542855,0.9465714,0.907,0.885,0.94214284,0.9265714,0.91157144,0.8372857,0.82214284,
Straight Line Simulation Global F1,0.88610715,0.94555414,0.9239594,0.91022694,0.89445776,0.9452987,0.94642043,0.9068495,0.88481504,0.94200444,0.92632276,0.91146785,0.8374193,0.8221334,
Zig Zag Simulation Expected Actions,4,4,4,4,4,4,4,4,4,4,4,4,4,4,
Zig Zag Simulation Matrix Total,7000,7000,7000,7000,7000,7000,7000,7000,7000,7000,7000,7000,7000,7000,
Zig Zag Simulation Matrix Accuracy,0.922,0.94757146,0.9532857,0.948,0.9342857,0.9628571,0.9704286,0.94371426,0.92785716,0.9702857,0.9657143,0.9467143,0.8437143,0.8297143,
Zig Zag Simulation Global F1,0.8724807,0.85016084,0.88564104,0.89409393,0.8884385,0.89386356,0.9141356,0.89629734,0.8891621,0.91394174,0.9089365,0.8912904,0.8149985,0.80435395,
Fixed Sequence Simulation Expected Actions,4,4,4,4,4,4,4,4,4,4,4,4,4,4,
Fixed Sequence Simulation Matrix Total,7000,7000,7000,7000,7000,7000,7000,7000,7000,7000,7000,7000,7000,7000,
Fixed Sequence Simulation Matrix Accuracy,0.9498571,0.727,0.883,0.949,0.94714284,0.8338571,0.946,0.95114285,0.9465714,0.9307143,0.9382857,0.94314283,0.93871427,0.9464286,
Fixed Sequence Simulation Global F1,0.9499359,0.726954,0.8829595,0.9490121,0.9471742,0.83396083,0.94602954,0.9512121,0.9466156,0.930743,0.9383495,0.94320536,0.9388022,0.9464898,
Smart Explorer Simulation Expected Actions,5,5,5,5,5,5,5,5,5,5,5,5,5,5,
Smart Explorer Simulation Matrix Total,7000,7000,7000,7000,7000,7000,7000,7000,7000,7000,7000,7000,7000,7000,
Smart Explorer Simulation Matrix Accuracy,0.7361429,0.72814286,0.73485714,0.7394286,0.7415714,0.7384286,0.73885715,0.7465714,0.741,0.744,0.7425714,0.734,0.7294286,0.7024286,
Smart Explorer Simulation Global F1,0.54666674,0.5343535,0.5435568,0.5521263,0.5554327,0.5506335,0.55053866,0.5641895,0.5549794,0.5595304,0.5567958,0.5431429,0.5383037,0.4969924,

Random Type:,Random,Random,Random,Random,Random,Random,Random,Random,Random,Random,Random,Random,Random,Random,
k,20,20,20,20,20,20,20,20,20,20,20,20,20,20,
Iteration,6,6,6,6,6,6,6,6,6,6,6,6,6,6,
Smart Random Simulation Expected Actions,4,4,4,4,4,4,4,4,4,4,4,4,4,4,
Smart Random Simulation Matrix Total,7000,7000,7000,7000,7000,7000,7000,7000,7000,7000,7000,7000,7000,7000,
Smart Random Simulation Matrix Accuracy,0.35857144,0.34471428,0.363,0.3622857,0.36314285,0.364,0.36414286,0.35885715,0.37114286,0.36828572,0.36957142,0.35657144,0.35842857,0.3627143,
Smart Random Simulation Global F1,0.35756832,0.3438298,0.36237448,0.36138457,0.36244345,0.36253855,0.36368993,0.35837263,0.37044135,0.36749253,0.3684819,0.35592157,0.35754254,0.36170316,
Straight Line Simulation Expected Actions,4,4,4,4,4,4,4,4,4,4,4,4,4,4,
Straight Line Simulation Matrix Total,7000,7000,7000,7000,7000,7000,7000,7000,7000,7000,7000,7000,7000,7000,
Straight Line Simulation Matrix Accuracy,0.88942856,0.9417143,0.9268571,0.912,0.896,0.9432857,0.947,0.901,0.88,0.94142854,0.9268571,0.90985715,0.834,0.82614285,
Straight Line Simulation Global F1,0.8895555,0.94149804,0.92675316,0.91181123,0.8958248,0.94309556,0.94682175,0.90078074,0.8799536,0.9412249,0.9265585,0.9097886,0.8340241,0.8262116,
Zig Zag Simulation Expected Actions,4,4,4,4,4,4,4,4,4,4,4,4,4,4,
Zig Zag Simulation Matrix Total,7000,7000,7000,7000,7000,7000,7000,7000,7000,7000,7000,7000,7000,7000,
Zig Zag Simulation Matrix Accuracy,0.92457145,0.947,0.9554286,0.94857144,0.93385714,0.9637143,0.97085714,0.941,0.9237143,0.97385716,0.96842855,0.95085716,0.8388571,0.831,
Zig Zag Simulation Global F1,0.8842422,0.8492441,0.8875468,0.9007035,0.88992,0.897521,0.91408193,0.8937473,0.88154155,0.9217306,0.91543216,0.89710754,0.80318105,0.8078451,
Fixed Sequence Simulation Expected Actions,4,4,4,4,4,4,4,4,4,4,4,4,4,4,
Fixed Sequence Simulation Matrix Total,7000,7000,7000,7000,7000,7000,7000,7000,7000,7000,7000,7000,7000,7000,
Fixed Sequence Simulation Matrix Accuracy,0.95257145,0.7362857,0.88785714,0.9491429,0.945,0.832,0.9351429,0.95214283,0.9455714,0.9352857,0.936,0.9397143,0.934,0.946,
Fixed Sequence Simulation Global F1,0.95260227,0.7363558,0.88787633,0.94915295,0.9450707,0.8321013,0.9351402,0.9521946,0.94562817,0.9353205,0.93604195,0.9397791,0.93411064,0.9461513,
Smart Explorer Simulation Expected Actions,5,5,5,5,5,5,5,5,5,5,5,5,5,5,
Smart Explorer Simulation Matrix Total,7000,7000,7000,7000,7000,7000,7000,7000,7000,7000,7000,7000,7000,7000,
Smart Explorer Simulation Matrix Accuracy,0.74042857,0.73071426,0.7394286,0.7444286,0.7407143,0.7342857,0.74285716,0.7435714,0.74114287,0.74,0.74114287,0.74128574,0.72985715,0.71,
Smart Explorer Simulation Global F1,0.5542284,0.53815955,0.5509892,0.560433,0.55495054,0.5430129,0.5573595,0.5591594,0.5553031,0.55238885,0.554284,0.5550784,0.53912556,0.5110136,

Random Type:,Random,Random,Random,Random,Random,Random,Random,Random,Random,Random,Random,Random,Random,Random,
k,100,100,100,100,100,100,100,100,100,100,100,100,100,100,
Iteration,1,1,1,1,1,1,1,1,1,1,1,1,1,1,
Smart Random Simulation Expected Actions,4,4,4,4,4,4,4,4,4,4,4,4,4,4,
Smart Random Simulation Matrix Total,7000,7000,7000,7000,7000,7000,7000,7000,7000,7000,7000,7000,7000,7000,
Smart Random Simulation Matrix Accuracy,0.41942856,0.3572857,0.4037143,0.4192857,0.4337143,0.38714287,0.43228573,0.429,0.4202857,0.41971427,0.419,0.41757143,0.42828572,0.43414286,
Smart Random Simulation Global F1,0.4187947,0.35616615,0.4025215,0.41850764,0.4326555,0.38634482,0.43171746,0.42836922,0.41971007,0.4185998,0.41763496,0.41692567,0.4273156,0.4334553,
Straight Line Simulation Expected Actions,4,4,4,4,4,4,4,4,4,4,4,4,4,4,
Straight Line Simulation Matrix Total,7000,7000,7000,7000,7000,7000,7000,7000,7000,7000,7000,7000,7000,7000,
Straight Line Simulation Matrix Accuracy,0.89114285,0.93685716,0.936,0.9372857,0.9235714,0.938,0.95785713,0.9417143,0.9002857,0.9397143,0.9432857,0.93285716,0.912,0.8445714,
Straight Line Simulation Global F1,0.890846,0.93662727,0.9357599,0.93697834,0.9233165,0.93766606,0.9576251,0.94150823,0.8999963,0.93946064,0.9429969,0.9326292,0.91178954,0.84456015,
Zig Zag Simulation Expected Actions,4,4,4,4,4,4,4,4,4,4,4,4,4,4,
Zig Zag Simulation Matrix Total,7000,7000,7000,7000,7000,7000,7000,7000,7000,7000,7000,7000,7000,7000,
Zig Zag Simulation Matrix Accuracy,0.93485713,0.9462857,0.9664286,0.97642857,0.9587143,0.96585715,0.9817143,0.966,0.93471426,0.98142856,0.98057145,0.9802857,0.91814286,0.87942857,
Zig Zag Simulation Global F1,0.91582626,0.85871625,0.92202616,0.95313513,0.9417074,0.9171654,0.9622796,0.9462481,0.91282266,0.9584906,0.96061045,0.95972246,0.91106904,0.8977931,
Fixed Sequence Simulation Expected Actions,4,4,4,4,4,4,4,4,4,4,4,4,4,4,
Fixed Sequence Simulation Matrix Total,7000,7000,7000,7000,7000,7000,7000,7000,7000,7000,7000,7000,7000,7000,
Fixed Sequence Simulation Matrix Accuracy,0.98014283,0.7327143,0.916,0.9812857,0.98057145,0.8447143,0.98014283,0.979,0.97914284,0.978,0.98057145,0.98085713,0.9812857,0.9792857,
Fixed Sequence Simulation Global F1,0.9801478,0.7327565,0.9160033,0.98129195,0.9805757,0.8448732,0.9801416,0.979005,0.9791401,0.97799325,0.9805669,0.9808651,0.9812863,0.9792893,
Smart Explorer Simulation Expected Actions,5,5,5,5,5,5,5,5,5,5,5,5,5,5,
Smart Explorer Simulation Matrix Total,7000,7000,7000,7000,7000,7000,7000,7000,7000,7000,7000,7000,7000,7000,
Smart Explorer Simulation Matrix Accuracy,0.7731429,0.7407143,0.7732857,0.76614285,0.7681429,0.7647143,0.7755714,0.77257144,0.77014285,0.77485716,0.76685715,0.7707143,0.76114285,0.75614285,
Smart Explorer Simulation Global F1,0.61332613,0.5548341,0.6116165,0.5987939,0.60386217,0.5966237,0.6151654,0.6117984,0.6077504,0.61401606,0.5999121,0.6082051,0.59250367,0.5862345,

Random Type:,Random,Random,Random,Random,Random,Random,Random,Random,Random,Random,Random,Random,Random,Random,
k,100,100,100,100,100,100,100,100,100,100,100,100,100,100,
Iteration,2,2,2,2,2,2,2,2,2,2,2,2,2,2,
Smart Random Simulation Expected Actions,4,4,4,4,4,4,4,4,4,4,4,4,4,4,
Smart Random Simulation Matrix Total,7000,7000,7000,7000,7000,7000,7000,7000,7000,7000,7000,7000,7000,7000,
Smart Random Simulation Matrix Accuracy,0.4222857,0.35214287,0.4152857,0.4132857,0.43157142,0.39,0.42385715,0.41871428,0.43114287,0.414,0.42457142,0.41757143,0.41871428,0.42414287,
Smart Random Simulation Global F1,0.42156532,0.35150713,0.41417894,0.41221914,0.4306912,0.38936174,0.42288432,0.4180348,0.4303406,0.41339552,0.4235417,0.41636252,0.4180388,0.42335597,
Straight Line Simulation Expected Actions,4,4,4,4,4,4,4,4,4,4,4,4,4,4,
Straight Line Simulation Matrix Total,7000,7000,7000,7000,7000,7000,7000,7000,7000,7000,7000,7000,7000,7000,
Straight Line Simulation Matrix Accuracy,0.88614285,0.93814284,0.9324286,0.9397143,0.9194286,0.93814284,0.9531429,0.9415714,0.896,0.9422857,0.94042856,0.9375714,0.91571426,0.8421429,
Straight Line Simulation Global F1,0.8859439,0.9378309,0.93211675,0.9394362,0.919139,0.9378978,0.9528992,0.9413878,0.8957806,0.94205314,0.9401866,0.93740577,0.9155203,0.8424072,
Zig Zag Simulation Expected Actions,4,4,4,4,4,4,4,4,4,4,4,4,4,4,
Zig Zag Simulation Matrix Total,7000,7000,7000,7000,7000,7000,7000,7000,7000,7000,7000,7000,7000,7000,
Zig Zag Simulation Matrix Accuracy,0.9351429,0.9427143,0.9657143,0.977,0.9628571,0.96814287,0.98242855,0.965,0.9408572,0.9818571,0.98085713,0.978,0.922,0.8777143,
Zig Zag Simulation Global F1,0.9125871,0.84813875,0.9218597,0.9573711,0.9477156,0.9259306,0.9623378,0.9449711,0.9222333,0.96001923,0.9577184,0.9588673,0.9135931,0.89152265,
Fixed Sequence Simulation Expected Actions,4,4,4,4,4,4,4,4,4,4,4,4,4,4,
Fixed Sequence Simulation Matrix Total,7000,7000,7000,7000,7000,7000,7000,7000,7000,7000,7000,7000,7000,7000,
Fixed Sequence Simulation Matrix Accuracy,0.9802857,0.74,0.9137143,0.9795714,0.982,0.8412857,0.9787143,0.98071426,0.98071426,0.9785714,0.981,0.9794286,0.98057145,0.97985715,
Fixed Sequence Simulation Global F1,0.98028666,0.73975897,0.91365504,0.97957706,0.982,0.84097636,0.97871417,0.9807166,0.98071325,0.9785723,0.9810003,0.97943234,0.98056877,0.97985864,
Smart Explorer Simulation Expected Actions,5,5,5,5,5,5,5,5,5,5,5,5,5,5,
Smart Explorer Simulation Matrix Total,7000,7000,7000,7000,7000,7000,7000,7000,7000,7000,7000,7000,7000,7000,
Smart Explorer Simulation Matrix Accuracy,0.76514286,0.74314284,0.76,0.77442855,0.7681429,0.763,0.77257144,0.7738571,0.769,0.7778571,0.77657145,0.7737143,0.76542854,0.76285714,
Smart Explorer Simulation Global F1,0.5985254,0.5582193,0.5888856,0.61375743,0.60375243,0.5928816,0.61063945,0.61344403,0.6063601,0.61926144,0.61774224,0.6127035,0.5995042,0.5978537,

Random Type:,Random,Random,Random,Random,Random,
k,100,100,100,100,100,
Iteration,3,3,3,3,3,
Smart Random Simulation Expected Actions,4,4,4,4,4,
Smart Random Simulation Matrix Total,7000,7000,7000,7000,7000,
Smart Random Simulation Matrix Accuracy,0.42871428,0.355,0.40885714,0.41871428,0.41685715,
Smart Random Simulation Global F1,0.427799,0.35427532,0.40761152,0.41837347,0.4165222,
Straight Line Simulation Expected Actions,4,4,4,4,4,
Straight Line Simulation Matrix Total,7000,7000,7000,7000,7000,
Straight Line Simulation Matrix Accuracy,0.89,0.93685716,0.9358571,0.93614286,0.9225714,
Straight Line Simulation Global F1,0.88988906,0.93660337,0.9355942,0.93582916,0.922257,
Zig Zag Simulation Expected Actions,4,4,4,4,4,
Zig Zag Simulation Matrix Total,7000,7000,7000,7000,7000,
Zig Zag Simulation Matrix Accuracy,0.9342857,0.94514287,0.9677143,0.97642857,0.96014285,
Zig Zag Simulation Global F1,0.9115126,0.85325825,0.9272076,0.9549057,0.94308645,
Fixed Sequence Simulation Expected Actions,4,4,4,4,
Fixed Sequence Simulation Matrix Total,7000,7000,7000,7000,
Fixed Sequence Simulation Matrix Accuracy,0.97842854,0.736,0.91157144,0.98085713,
Fixed Sequence Simulation Global F1,0.9784268,0.735891,0.9114677,0.9808663,
Smart Explorer Simulation Expected Actions,5,5,5,5,
Smart Explorer Simulation Matrix Total,7000,7000,7000,7000,
Smart Explorer Simulation Matrix Accuracy,0.7707143,0.738,0.75957143,0.76685715,
Smart Explorer Simulation Global F1,0.60887766,0.5489119,0.588089,0.6003853,






















